services,description
Professional Aid,"We at Praedico Global Research assist you with a professional aid, to make your investments a pleasurable one."
Accuracy,"Our products provide you with an accuracy of more than 90% approximately, maintaining a trust between our clients."
Free of cost,"Praedico assures to provide itsâ€™ services at least available prices, reckoning Financial Literacy Mission of praedico Global Research Pvt. Ltd."
ANALYSIS,We assist you with fundamental and technical analysis report of client's portfolio at certain time intervals.
PERFORMANCES,"We perform with a stock performance at different times with a target price of 6 months, 1 year, 3 years."
PORTFOLIO,"We provide you with a service for a specific portfolio, which is specified at all times and in advance to meet your specific needs."
SERVICING,Classroom Special Workshop with Cash and Options Adventure.
Praedico Stock Trading Simulator,"A simulator platform, designed for those who  keens to learn in   Stock trading but fears of  losing money."
Praedico Vertual Trading,A virtual Trading platform where one can master their Stock Market Learning by competing with others in a live environment.
